t,target_x,target_y,ee_x,ee_y,error,q1,q2,q3,qd1,qd2,qd3,tau1,tau2,tau3
0.0,0.5,0.0,0.4999977828120396,1.828101817734351e-05,1.841498161965113e-05,0.9159046086692232,-2.554443654821891,1.857325610046862,0.0010699269713590192,0.005832198152713647,0.050182501710834784,44.68422500274854,18.199456262590125,20.413938338163412
0.02,0.49989034173742275,0.010471209941678479,0.49976514396080696,0.0021523225188441603,0.00831982947163345,0.916036655080526,-2.5537373000916355,1.8631732183512977,0.012280543909874686,0.06502555591127475,0.5252082939195579,43.2792234713334,17.436639237942067,19.480536878731936
0.04,0.4995614150494292,0.02093782686459981,0.49915202100246203,0.007547765037167406,0.013396318868560669,0.9164012442298242,-2.5518365322732333,1.8778454556161497,0.02430439035132123,0.1252059653624429,0.9278739064667255,40.985509386692875,16.059484370579415,17.96796735608431
0.06,0.4990133642141358,0.03139525976465668,0.49814369713922935,0.01565086984389584,0.01576839036801575,0.9170140284197219,-2.5487234906943765,1.8996616252921286,0.037098722002492895,0.18627722428642063,1.2374941871823137,38.30335823062072,14.462161953325856,16.17802841372866
0.08,0.4982464296247522,0.04183892166615774,0.4967260598805656,0.02581494528920472,0.016095941820477182,0.9178905425822119,-2.5443794401763973,1.9266788264619072,0.05067648912370899,0.24828769131018355,1.4480290076252698,35.61881694596336,12.933678850765034,14.346236980884
0.1,0.49726094768413664,0.05226423163382673,0.4949135032745179,0.03739164599975672,0.01505670278311277,0.9190463546635624,-2.538788357270025,1.9569521723412355,0.06501615046393432,0.31086851143983807,1.5647272333161402,33.19910707229118,11.643499703150903,12.640607329893616
0.12,0.49605735065723894,0.06266661678215212,0.49275870134614586,0.04979641730156695,0.013286200433066993,0.9204957688108072,-2.5319470393154657,1.9887244553918597,0.08000686534790272,0.3731175732765573,1.6005151412203176,31.20181823840695,10.6588725319529,11.16692797494231
0.14,0.49463616648149417,0.07304151428120581,0.49034564206311926,0.06254846168767689,0.011336346524133576,0.9222497912512162,-2.5238744980758003,2.02054497395775,0.09542979564655178,0.4337558920998176,1.5725888534468786,29.692539308471474,9.976108226297413,9.97758412119756
0.16,0.4929980185352525,0.08338437335805113,0.48777266638563943,0.07528769121566017,0.009636418774751252,0.9243140749358304,-2.514616956661391,2.0513249817992234,0.11097364991807178,0.49138611096461676,1.4995234012364906,28.66680908272258,9.552285419100158,9.082227401604827
0.18,0.49114362536434436,0.0936906572928623,0.48513318078849377,0.08777310592368742,0.008434622588248706,0.9266874423878012,-2.504247697234625,2.0803419770205194,0.12627473015605056,0.5447346828163524,1.3990633912087826,28.072833636177023,9.329982040506717,8.459137836396186
0.2,0.48907380036690284,0.10395584540887966,0.48249986640257314,0.09986826776913355,0.007741117408250572,0.9293613356488347,-2.4928627570724458,2.107207029110055,0.14096711862251415,0.5928200331537486,1.2866333779312473,27.832132881490367,9.252928455805044,8.066281848855956
0.22,0.48678945143658015,0.11417543505532786,0.47991536550827496,0.11151966709333802,0.007369271389876682,0.932320256917,-2.4805741223184317,2.1318091041401774,0.15472969412933735,0.6350358242831824,1.1745120278981935,27.8563244405785,9.273765562915708,7.851195825679172
0.24,0.48429158056431554,0.12434494358242737,0.47738986096133285,0.12273294248720873,0.00708747352793516,0.9355430414014846,-2.467501992402593,2.1542485926164443,0.16732141511690446,0.6711643820293797,1.0715563341860304,28.05936265794856,9.35638770349906,7.759061082698975
0.26,0.4815812833988291,0.13445991030763285,0.4749042822728555,0.13355054954362472,0.0067386408893314615,0.939004687832496,-2.453767280726114,2.174769669140786,0.17860169934518658,0.7013435802535194,0.9833369306185599,28.365419976551017,9.475293323235366,7.738654868575375
0.28,0.4786597487660336,0.1445158984722358,0.4724171389305565,0.14403303040773333,0.006261256992466635,0.9426784520196392,-2.4394850635708307,2.193698298319293,0.18853674013887586,0.7260081319904165,0.9125453778507155,28.713097807886314,9.613697202913865,7.746175883519473
0.3,0.4755282581475768,0.15450849718747367,0.4698729648698713,0.1542448143292867,0.005661437159111017,0.9465379493805357,-2.424759330990955,2.2113900602232714,0.19719466043193049,0.7458199705633642,0.8595504054385114,29.056828219719158,9.761413334522633,7.747183543525506
0.32,0.47218818511874056,0.16443332336929162,0.4672107450547648,0.16424459979021197,0.004981016580957319,0.9505590774028227,-2.4096791621754368,2.228189745270108,0.20473290670471733,0.7615964425445505,0.8230045829704828,29.36629735314879,9.912957451220105,7.717031699351157
0.34,0.4686409947459457,0.1742860236609076,0.46437122320844726,0.1740798233759659,0.004274747658042761,0.9547216341705115,-2.3943163167451313,2.2444029660685705,0.21138090963473463,0.7742410714068548,0.8004296942418092,29.62460065736775,10.06599510676277,7.640226394789884
0.36,0.46488824294412573,0.18406227634233896,0.4613024923367525,0.183784441504627,0.0035964982434756932,0.9590105629366183,-2.378724160767105,2.2602788555025675,0.21742035624598544,0.7846796844256768,0.7887341991696986,29.825699723876827,10.220122189597049,7.509116487425701
0.38,0.46093157579425026,0.19375779322605147,0.4579636692306431,0.19337915957464252,0.0029919613654393763,0.9634167928212495,-2.362937798869464,2.2760022077055266,0.22316475954325665,0.793803986987072,0.7846373895089152,29.97162035934051,10.375930897533298,7.3222623229821275
0.4,0.45677272882130043,0.20336832153790008,0.45432673323092965,0.20287327255113408,0.0024955896953248093,0.9679376740854779,-2.3469752448163685,2.291693083500042,0.22893950627708387,0.8024244233594625,0.7849913254934734,30.069717289281108,10.534321663609802,7.082744942530879
0.42,0.4524135262330098,0.2128896457825363,0.45037678174647716,0.21226738259257633,0.0021296806288737796,0.9725770264031708,-2.3308394288174106,2.307411848789924,0.23506322476679736,0.8112338552372353,0.7870034166082509,30.130230353563025,10.696033605419153,6.796594465349528
0.44,0.44785588011970645,0.22231758959246373,0.4461110441676138,0.22155639878483951,0.0019036449105141917,0.9773448331190343,-2.3145208144646636,2.323167754032033,0.24183110451968107,0.8207830174712634,0.7883701208354749,30.164268632006554,10.86136930769099,6.471442768654693
0.46,0.44310178961560737,0.23164801755993084,0.4415370250152096,0.23073237729652402,0.0018129769294256738,0.9822566256982627,-2.2980003867095995,2.3389294194546615,0.24950066627720321,0.8314679127148804,0.7873364491430251,30.18228351359847,11.030084634183142,6.115447883057015
0.48,0.4381533400219318,0.2408768370508576,0.4366701349195167,0.23978691004452457,0.0018406081209655517,0.9873326115023852,-2.281252777768995,2.3546359042781675,0.2582803788365371,0.8435284384512456,0.7826975844018593,30.19303137010522,11.201406568719495,5.736496556510014
0.5,0.43301270189221935,0.24999999999999997,0.43153112822070894,0.2487129041385387,0.001962568801521009,0.9925966049304075,-2.2642493199596645,2.3702073646360153,0.2683214147429576,0.8570567702265209,0.7737587008425422,30.202982670561607,11.374137230314812,5.341665226953311
0.52,0.4276821300802533,0.2590135046865651,0.42614360920953154,0.2575057052217433,0.0021541833013379464,0.9980748266113798,-2.2469608499069555,2.385554613789725,0.27971271397294706,0.8720134757264643,0.7602676320545336,30.216106906919116,11.546802878828865,4.936904905145639
0.54,0.42216396275100754,0.26791339748949833,0.4205318037859964,0.2661636015605987,0.002392849489596006,1.0037946373078406,-2.2293601322964265,2.400587170523789,0.29247938095701886,0.8882490586077494,0.7423328864780514,30.23394974021477,11.717812780164406,4.526908831523459
0.56,0.4164606203550497,0.27669577462167205,0.41471872667156706,0.2746878020083452,0.00265822264312594,1.0097832721458222,-2.211423817879048,2.415219607119253,0.3065842843154484,0.9055286192304498,0.7203370353313022,30.255917322794883,11.885602300491175,4.1151204475983265
0.58,0.410574604566852,0.2853567838422158,0.40872481200442534,0.2830820121144527,0.0029319479765915505,1.016066636618524,-2.193133894986071,2.429376183535245,0.3219325746400036,0.9235575198499646,0.6948529833509477,30.279689375332907,12.048745074866007,3.703841224325749
0.6,0.4045084971874737,0.2938926261462365,0.40256702144483103,0.29135174281666487,0.0031977204621050095,1.0226682187076122,-2.1744786328139463,2.44299388069225,0.3383786985429654,0.9420062833383932,0.6665682776458357,30.301694044553727,12.206028464622802,3.2944019302848626
0.62,0.3982649590120982,0.30229955743118736,0.3962584014712234,0.2995034803676686,0.0034415578027947196,1.029608161897719,-2.155453046106434,2.4560240276497307,0.3557353795074758,0.9605333657080437,0.6362205450002942,30.317591149014497,12.35649353526321,2.887366192758644
0.64,0.3918467286629199,0.31057389013915515,0.38980803141127685,0.30754382955499393,0.0036520615585644853,1.0369025325044847,-2.136058933818501,2.4684327616269885,0.37378396604345093,0.9788048639985274,0.6045454466605559,30.322724168862145,12.499445078534961,2.482741154123884
0.66,0.3852566213878946,0.3187119948743448,0.3832212855858277,0.3154787195346956,0.003820557714412823,1.0445628023901676,-2.116304559147011,2.4802005738430335,0.392285518791951,0.9965106100465558,0.5722372291016536,30.312513992336097,12.634439050762795,2.0801762130857364
0.68,0.3784975278258782,0.3267103019950527,0.3765003253619452,0.32331273655684184,0.0039410999211977405,1.0525955556252364,-2.0962040458799454,2.4913211858217092,0.4109920197098764,1.0133764322946646,0.5399210200461799,30.282778328148257,12.761254841975854,1.6791368684982333
0.7000000000000001,0.3715724127386971,0.3345653031794291,0.36964473788948093,0.3310486233939333,0.004010357470103564,1.0610024157382023,-2.0757765676201356,2.501799977421115,0.429657133992974,1.0291726317068184,0.5081354346655617,30.229969590469317,12.879858751930065,1.2790461973493499
0.72,0.3644843137107058,0.3422735529643443,0.36265224555400083,0.3386869633361267,0.00402741839048918,1.0697801795353588,-2.0550454034484673,2.5116521557796494,0.4480460321532417,1.0437189141220278,0.4773237633167218,30.151330998244347,12.9903635602406,0.8793912103599516
0.74,0.3572363398164017,0.3498316702566827,0.3555194214944391,0.3462260483204239,0.0039935345336583015,1.078921134570512,-2.0340369273009773,2.5209008188160946,0.4659438773801849,1.0568861564677463,0.44783194613422056,30.044975786550747,13.092987587408462,0.4797950479173543
0.76,0.34983167025668277,0.3572363398164016,0.3482423599487412,0.3536619166005874,0.0039118293138480885,1.0884135305335856,-2.012779589875076,2.529575031777876,0.4831626931886635,1.0685954676944887,0.419911636482903,29.909898046634773,13.188015406530194,0.08005862748619985
0.78,0.34227355296434436,0.3644843137107057,0.34081726412743407,0.36098853535434955,0.003786983429232004,1.0982421702633365,-1.9913029421830877,2.537708003238447,0.49954643990203335,1.0788150472763947,0.3937268542343044,29.74592604010147,13.275761476061366,-0.3198230379552067
0.8,0.3345653031794291,0.37157241273869707,0.3332409276084235,0.3681980974616836,0.0036249102391318674,1.1083890837695207,-1.9696367396691405,2.5453354194124005,0.5149742382113821,1.0875553540850824,0.3693629792740005,29.553630097663824,13.356537406864966,-0.7196639421939854
0.8200000000000001,0.32671030199505274,0.3784975278258782,0.3255110971206925,0.3752813988798024,0.003432430294773097,1.1188342484327984,-1.9478101556560559,2.5524939732691916,0.5293617777704465,1.0948630843841525,0.34683709495137993,29.334197611414236,13.430623278000605,-1.1191037510676338
0.84,0.31871199487434493,0.38525662138789457,0.3176267145969355,0.382228263001087,0.003216953185777162,1.1295563201894028,-1.9258511232061468,2.5592201075747107,0.5426610340511395,1.100814426011924,0.3261089317419103,29.08928733235291,13.4982432828024,-1.5176327544413475
0.86,0.3105738901391552,0.39184672866291986,0.3095880443441439,0.3890279804992526,0.0029861736623510676,1.1405333436822633,-1.9037858155643728,2.5655489781102854,0.5548584846921415,1.1055080114803506,0.3070918660830734,28.82087434097237,13.559545934822616,-1.914620733473865
0.88,0.30229955743118747,0.39826495901209813,0.3013966971156046,0.3956697368594625,0.0027477872499495275,1.1517434137108267,-1.8816382674175993,2.571513634106906,0.5659720660744304,1.1090579395316296,0.2896635909576447,28.531095801216953,13.614589028220333,-2.309346416169859
0.9,0.29389262614623657,0.4045084971874737,0.2930555669028243,0.4021430045142526,0.0025092277226359283,1.1631652654669793,-1.8594301323956763,2.577144406521151,0.5760471419352371,1.1115871756550062,0.2736761938158528,28.22210605850492,13.663329490046557,-2.7010252313436878
0.92,0.2853567838422159,0.41057460456685196,0.2845686986113859,0.4084378818010039,0.0022774245342372813,1.1747787766456088,-1.8371805666503864,2.58246849036702,0.5851517696168487,1.1132215796423783,0.2589654595628459,27.895947912502386,13.705618166220022,-3.0888339972542256
0.9400000000000001,0.27669577462167205,0.4164606203550497,0.27594110568631214,0.4145453664240008,0.002058573006331223,1.1865653702374566,-1.8149062240226996,2.5875097042497304,0.5933715479243278,1.114084744618674,0.24535927014768766,27.55444508747308,13.741199449907516,-3.471931934805996
0.96,0.2679133974894984,0.4221639627510075,0.2671785564651105,0.42045755642417487,0.001857905778928999,1.198508312363926,-1.7926213452513422,2.592288408050675,0.6008043158993148,1.1142937691327968,0.2326850071335551,27.1991191294241,13.769715502963999,-3.8494779515320685
0.98,0.25901350468656514,0.4276821300802533,0.25828734680782595,0.42616777658162397,0.0016794557998547918,1.2105929046633748,-1.7703379218511281,2.5968215580961163,0.6075549467073942,1.1139560237646133,0.22077588811142015,26.83113225979341,13.790714656018766,-4.22064450536506
1.0,0.25000000000000006,0.4330127018922193,0.24927407461439025,0.4316706325130385,0.0015258171201056462,1.222806575303801,-1.7480659146248827,2.6011228779705404,0.6137304479339908,1.113166918141266,0.20947618878378468,26.451256175737534,13.803663419458559,-4.584628549927714
1.02,0.24087683705085766,0.4381533400219318,0.24014542940110403,0.43696199834904176,0.0013979456826653002,1.2351388765477715,-1.7258135071591936,2.6052031223882377,0.61943554144559,1.1120086249828711,0.1986453245819275,26.059865456993567,13.807961412009345,-4.940660120537618
1.04,0.2316480175599309,0.44310178961560737,0.23090800735990935,0.44203894670721106,0.0012950869252927578,1.247581399851221,-1.70358737595041,2.609070411261675,0.6247688549679239,1.1105496763215172,0.18816079108014563,25.65695315227151,13.802958427184372,-5.288009081353374
1.06,0.22231758959246375,0.44785588011970645,0.22156815943500455,0.446899631682652,0.0012149307117191475,1.2601276217027686,-1.6813929608448224,2.612730611375521,0.6298198157824932,1.108845314550125,0.1779199914999796,25.242165291637452,13.787972816284688,-5.625990457027098
1.08,0.21288964578253633,0.4524135262330098,0.21213187707033634,0.4515431367668664,0.0011540326009097709,1.2727726948083962,-1.6592347220674775,2.616187743952628,0.6346662962918619,1.1069384582324289,0.16784101098116247,24.814850508418672,13.762310370269736,-5.95396864998274
1.1,0.2033683215379001,0.45677272882130043,0.20260471753802414,0.4559693000194921,0.0011084172987651118,1.2855131998358138,-1.637116373058833,2.6194443979086923,0.6393730232065573,1.1048611299157423,0.15786242879007883,24.37412064555177,13.72528292753578,-6.271360723213854
1.12,0.19375779322605147,0.46093157579425026,0.1929917682617905,0.46017852852814944,0.0010741854732088626,1.2983468728196363,-1.6150410814384364,2.6225021307117,0.64399072802266,1.1026361902648114,0.1479422885989198,23.918918148102232,13.676226013196,-6.577638826681447
1.1400000000000001,0.18406227634233893,0.46488824294412573,0.18329764739049043,0.4641716132954162,0.0010479577698621853,1.3112723225811753,-1.5930116334819695,2.625361841414041,0.6485559872568937,1.1002792288703724,0.13805637085922567,23.448086179783804,13.614514918910379,-6.872331773710191
1.16,0.17428602366090765,0.4686409947459457,0.17352653612275845,0.4679495543038794,0.001027088703826883,1.3242887512399653,-1.571030560365291,2.6280241034863163,0.6530916772625383,1.097800475791037,0.1281959280557612,22.960437715603717,13.53957875139515,-7.155025736075565
1.18,0.16443332336929176,0.4721881851187405,0.16368223697955986,0.4715134037580294,0.0010096834402938378,1.3373956892037249,-1.5491002269592857,2.6304894483952372,0.6576079507557185,1.095206617595951,0.11836505193623459,22.454820320896562,13.45091210387309,-7.425364021022137
1.2,0.15450849718747384,0.47552825814757677,0.15376825138797923,0.4748641335193686,0.0009944975442212087,1.3505927540398228,-1.5272228860510983,2.632758594258282,0.662103630550007,1.0925024254848228,0.10857784118598766,21.930173892789032,13.348084130693051,-7.68304591447041
1.22,0.14451589847223592,0.4786597487660336,0.14378786957352885,0.4780025306718316,0.0009807964624218089,1.3638794404746193,-1.5054007024584606,2.6348326171984486,0.6665679102759974,1.089692128988568,0.09885552880073006,21.385579276645238,13.230744925572024,-7.927824613937769
1.24,0.13445991030763296,0.48158128339882905,0.13374426583276472,0.48092912310444363,0.0009682252134613715,1.3772549465519581,-1.483635752571329,2.6367130660512434,0.6709822516586852,1.0867804948929136,0.08922371167026893,20.82029634070912,13.098629214413211,-8.159504323078036
1.26,0.12434494358242748,0.48429158056431554,0.12364059272478067,0.48364413508949755,0.0009567109142944285,1.3907180388132057,-1.461930005411956,2.638402023707954,0.6753223726383009,1.0837735956902526,0.0797098022311446,20.233790761933715,12.951557471802547,-8.37793662846898
1.28,0.11417543505532794,0.4867894514365801,0.11348006851302128,0.48614747116076,0.0009464001810553193,1.4042669573294941,-1.4402852913946445,2.6399021205149236,0.6795602294836933,1.080679273685523,0.07034079541670181,19.625749412523408,12.789434654459594,-8.58301632098614
1.3,0.10395584540887973,0.4890738003669028,0.10326605322835553,0.48843872522761783,0.0009376212907406382,1.417899359596562,-1.4187032646570845,2.64121650672911,0.683665908180247,1.077507324880965,0.06114141558584136,18.996084811688142,12.61224681415477,-8.774676853470394
1.32,0.09369065729286237,0.4911436253643443,0.09300210992332414,0.490517210842365,0.0009308558607241983,1.4316123007498402,-1.3971853642091294,2.6423487920372883,0.6876093548344551,1.074269440371903,0.052132679621832226,18.344929597440288,12.420055906353472,-8.952885640429347
1.34,0.08338437335805117,0.49299801853525244,0.08269204895703236,0.4923820078876018,0.0009267050200927119,1.4454022463091725,-1.3757327782923772,2.643302960598908,0.6913618906756215,1.0709789520221467,0.04333088569579375,17.672622362113174,12.212993148813405,-9.117639403505786
1.36,0.07304151428120582,0.49463616648149417,0.0723399544056001,0.49403202066269136,0.0009258393108076796,1.4592651127372542,-1.3543464153553142,2.6440832700211137,0.6948974735460779,1.0676504338155823,0.03474701367037303,16.979686472664618,11.99125130647266,-9.268959749670547
1.3800000000000001,0.06266661678215213,0.49605735065723894,0.061950192859085096,0.4954660423941258,0.0009289287914413325,1.4731963304945452,-1.333026884008223,2.6446941421929115,0.6981936837354651,1.0642992109337757,0.026386503752009155,16.266803659831762,11.755076285439314,-9.406889140308392
1.4000000000000001,0.05226423163382673,0.49726094768413664,0.051527405880660626,0.4966828215285508,0.0009365586165858761,1.4871909239819465,-1.3117744833030909,2.6451400530829337,0.7012324269321342,1.060940825912412,0.01824936533573847,15.534784212574476,11.504758410310266,-9.531487372228096
1.42,0.04183892166615783,0.4982464296247522,0.04107648822233734,0.49768112573049295,0.0009491434291615992,1.5012436027541538,-1.2905892037461282,2.6454254275382185,0.7040003603771787,1.057590505916764,0.01033055817983784,14.7845355656703,11.240623736478415,-9.642828650151447
1.44,0.03139525976465676,0.4990133642141358,0.030602554486243938,0.49845980023389286,0.000966858179179315,1.5153488586248947,-1.269470738638862,2.6455545439053774,0.7064890596080471,1.0542626680198852,0.002620582914103959,14.017030933209115,10.963025714132064,-9.74099928824316
1.46,0.020937826864599874,0.4995614150494292,0.020110897281693574,0.4990178180199094,0.0009896010638577135,1.5295010637272246,-1.2484185046873642,2.645531452020072,0.7086949522158213,1.050970491115554,-0.004893783025289647,13.233279436803931,10.672337475436484,-9.826096039052203
1.48,0.010471209941678526,0.49989034173742275,0.00960694006248558,0.4993543201487918,0.0010169963458924825,1.5436945651911058,-1.2274316703330228,2.6453599068540377,0.7106190517042813,1.0477255744314435,-0.01222866526539164,12.434298924165851,10.36894496350782,-9.898225014333256
1.5,3.061616997868383e-17,0.5,-0.0009038122435069962,0.4994686454035828,0.0010484342032988367,1.5579237728091488,-1.2065091899446194,2.645043318935404,0.71226652884993,1.0445376941087343,-0.019402243881363555,11.621092391212542,10.053241064145105,-9.957501135261168
1.52,-0.010471209941678352,0.49989034173742275,-0.011415821948504545,0.49936034916052635,0.0010831361756517474,1.5721832368337605,-1.1856498418621628,2.6445847216169858,0.7136461600492964,1.0414146614501594,-0.026433924423314985,10.794628628128962,9.725620841923105,-10.00404803030408
1.54,-0.0209378268645997,0.4995614150494292,-0.02192356418439978,0.4990292120495354,0.0011202312693112172,1.5864677138425265,-1.1648522682815168,2.6439867543919813,0.7147696922181995,1.0383622795577958,-0.033343567823916564,9.955827423832583,9.386477924141,-10.037998287514132
1.56,-0.03139525976465659,0.4990133642141358,-0.0324215673509044,0.4984752394843616,0.0011588293603392692,1.6007722193860072,-1.1441150150932125,2.6432516607662406,0.7156511621548116,1.035384389417756,-0.04015080893196359,9.105549398458006,9.036202021990338,-10.059493963661277
1.58,-0.041838921666157665,0.4982464296247522,-0.042904446970729426,0.497698653514668,0.0011980829860496654,1.615092066861748,-1.1234365700131623,2.6423812986967152,0.7163062052112378,1.0324829921681475,-0.04687448392373115,8.244590300891451,8.675177530436802,-10.068687254496691
1.6,-0.052264231633826666,0.4972609476841367,-0.05336693203989995,0.4966998786802923,0.0012372334511437713,1.6294228927152072,-1.1028153976399326,2.6413771612918024,0.7167513839721726,1.0296584313431467,-0.05353217784937563,7.373679415824299,8.303783108454319,-10.065741237284579
1.62,-0.06266661678215207,0.49605735065723894,-0.06380388349041999,0.4954795236401356,0.0012756408693002479,1.6437606686343322,-1.0822499704156217,2.6402404053269795,0.7170035627489068,1.0269096172754564,-0.060139895459370825,6.493481576670478,7.922392110536197,-10.05083060727521
1.6400000000000001,-0.07304151428120577,0.49463616648149417,-0.07421030486257763,0.4940383603199286,0.0013127999199837445,1.6581017018679642,-1.0617387948294694,2.638971885137849,0.7170793483816674,1.0242342754550549,-0.06671185149744797,5.604602178358492,7.531373719343317,-10.024142342746174
1.6600000000000001,-0.08338437335805111,0.4929980185352525,-0.08458134569375769,0.49237730219529174,0.0013483440017818624,1.6724426251536122,-1.0412804325621217,2.637572189587671,0.7169946123942474,1.0216292013298458,-0.07326037100701752,4.707594526146217,7.131094617853101,-9.98587624746298
1.68,-0.09369065729286219,0.49114362536434436,-0.0949122984557631,0.4904973831225418,0.001382040580440337,1.6867803779873367,-1.020873516604308,2.6360416800402757,0.7167641042164987,1.0190905056071737,-0.07979588594893672,3.8029688396976153,6.7219210368466875,-9.936245333890417
1.7,-0.10395584540887956,0.48907380036690284,-0.1051985901064782,0.48839973787403534,0.0014137802614622515,1.7011121811121386,-1.000516762680925,2.63438052757423,0.7164011601943157,1.0166138363689345,-0.08632701155919174,2.8912022505450916,6.30422101900394,-9.875476024433517
1.72,-0.11417543505532778,0.48678945143658015,-0.11543576946390574,0.48608558525114653,0.0014435617161875796,1.715435506149726,-0.9802089765586318,2.6325887480232595,0.7159175086093956,1.0141945670360342,-0.09286068430849716,1.97274917947891,5.878366752963629,-9.803808160751192
1.74,-0.12434494358242731,0.4842915805643156,-0.12561949166634537,0.48355621435781276,0.0014714741845800571,1.7297480422651008,-0.9599490580047517,2.6306662337964375,0.7153231670523819,1.011827942204123,-0.09940234293242597,1.0480515514878759,5.4447368479592155,-9.721494822334801
1.76,-0.1344599103076328,0.4815812833988291,-0.13574550096123184,0.48081297433933023,0.0014976789173682212,1.7440476616472365,-0.9397360022942323,2.628612781797632,0.7146264253084643,1.009509176430804,-0.10595613461368525,0.11754839264460482,5.003718440510681,-9.628801964775425
1.78,-0.14451589847223575,0.4786597487660336,-0.14580961297953843,0.4778572676394973,0.001522390615069724,1.7583323854265522,-0.9195689002299033,2.6264281171089876,0.7138339044583479,1.0072335040163267,-0.11252512982662616,-0.8183155509529249,4.5557090476125035,-9.526007895318688
1.8,-0.15450849718747367,0.4755282581475768,-0.15580769751703705,0.4746905466149042,0.0015458596664349397,1.7726003514454427,-0.8994469376526929,2.624111912413406,0.7129506811670888,1.0049961805453198,-0.11911153139695911,-1.7590824335250397,4.101118104502405,-9.41340260839067
1.82,-0.1644333233692916,0.47218818511874056,-0.16573566267326786,0.47131431317485833,0.0015683557750032031,1.7868497850661147,-0.8793693953786558,2.621663803395901,0.7119804650948618,1.0027924393387986,-0.12571686578640504,-2.704275334555991,3.6403681481755603,-9.291287006856063
1.84,-0.1742860236609075,0.4686409947459458,-0.17558944100852247,0.46773012099199074,0.0015901533818181773,1.8010789739536104,-0.8593356504163139,2.6190834005769155,0.7109258169579794,1.0006174079299766,-0.13234214729342497,-3.653393764495845,3.1738956293000933,-9.159972035995793
1.86,-0.18406227634233888,0.46488824294412573,-0.18536497818217884,0.4639395797516715,0.0016115191392719762,1.8152862475231215,-0.8393451791996998,2.616370298189453,0.7097883949172333,0.9984659911844289,-0.1389880085967467,-4.605910648413186,2.702151354285314,-9.019777756787056
1.8800000000000001,-0.1937577932260514,0.4609315757942503,-0.19505822434414943,0.45994436087479124,0.0016327015618661808,1.8294699614996757,-0.8193975634289133,2.6135240808166706,0.7085692175825309,0.9963327287264443,-0.14565479371325601,-5.561270718298893,2.225600575393527,-8.871032383310064
1.9000000000000001,-0.20336832153790002,0.4567727288213005,-0.2046651283747325,0.455746204153088,0.0016539228719938133,1.843628487813307,-0.7994924989501195,2.610544328560327,0.707268932899463,0.9942116349282651,-0.1523426118798578,-6.518890191989255,1.744722759626809,-8.714071306283627
1.92,-0.21288964578253616,0.45241352623300984,-0.21418163491404696,0.4513469247723646,0.0016753729709508235,1.8577602098501997,-0.7796298079392541,2.6074306215182945,0.7058880834245016,0.9920960299095242,-0.15905135301532,-7.478157578086789,1.2600110765335517,-8.549236121153506
1.94,-0.2223175895924636,0.4478558801197065,-0.22360368399532168,0.44674842025924,0.001697205395822032,1.8718635229043141,-0.7598094544858003,2.604182544317629,0.7044273599034195,0.9899783698399124,-0.16578066721877618,-8.438435421442554,0.771971651110728,-8.376873675124411
1.96,-0.23164801755993075,0.4431017896156074,-0.2329272129991486,0.44195267696390034,0.0017195350703108703,1.8859368395270766,-0.7400315635110409,2.6007996913856326,0.7028878365512934,0.9878500844095398,-0.17252991219162087,-9.39906279172054,0.28112263082699573,-8.197335143318591
1.98,-0.24087683705085752,0.43815334002193185,-0.24214816057881683,0.4369617757773243,0.0017424376206252037,1.8999785993555547,-0.7202964428039232,2.597281673552429,0.7012711829107959,0.9857014287042757,-0.17929807352976887,-10.359358316853825,-0.21200688423379443,-8.010975140105362
2.0,-0.2499999999999999,0.43301270189221935,-0.25126247216873193,0.4317778968699837,0.0017659500048872857,1.9139872829112712,-0.7006046078202961,2.593628126471943,0.6995798485691664,0.9835213559727373,-0.18608366354592357,-11.318623572055166,-0.7068780016142078,-7.818150867782345
2.02,-0.25901350468656503,0.42768213008025335,-0.2602661066759714,0.42640332332435366,0.0017900721948568067,1.927961428800427,-0.6809568087695793,2.5898387212305036,0.6978172182874572,0.9812974169669132,-0.19288460468528637,-12.276146651553807,-1.2029432451649962,-7.619221301371578
2.04,-0.2679133974894982,0.4221639627510076,-0.2691550439655209,0.4208404436111158,0.001814769650693877,1.9418996537086957,-0.6613540594073399,2.58591317738918,0.6959877361970673,0.979015690738807,-0.1996981037428725,-13.2312057724361,-1.699647776353134,-7.4145464054210795
2.06,-0.276695774621672,0.41646062035504977,-0.27792529277833733,0.41509175292531864,0.0018399763416273704,1.9558006745662253,-0.6417976668622251,2.5818512785821084,0.6940969986214661,0.9766607510263067,-0.20652052303156565,-14.183072785979219,-2.196430599641473,-7.204486376466988
2.08,-0.2853567838422158,0.4105746045668521,-0.2865728987634779,0.4091598534517772,0.0018655980862238221,1.9696633322569415,-0.6222892617499021,2.5776528906719762,0.6921518157731086,0.974215671691511,-0.21334725444343924,-15.13101649996485,-2.692725731347018,-6.989400903228243
2.1,-0.2938926261462365,0.4045084971874737,-0.29509395235648905,0.40304745366757166,0.0018915160138067916,1.9834866162563842,-0.6028308277633557,2.573317982347864,0.6901602430584702,0.9716620740944389,-0.22017260204466846,-16.074305744071477,-3.187963319645121,-6.769648435688894
2.12,-0.3022995574311874,0.3982649590120982,-0.30348459629178615,0.3967573668135813,0.001917589981763065,1.9972696896002013,-0.5834247298763606,2.5688466479413625,0.6881315830122989,0.9689802187858821,-0.22698967849071647,-17.01221213830523,-3.6815707116109113,-6.545585453942987
2.14,-0.31057389013915515,0.3918467286629199,-0.31174103259291164,0.39029250867732923,0.001943661820114351,2.011011913607264,-0.5640737402538043,2.564239132134845,0.6860763590017402,0.9661491434577951,-0.23379032017637036,-17.944012550432607,-4.172973471058873,-6.3175657279926805
2.16,-0.3187119948743449,0.3852566213878946,-0.31985952893812664,0.38365589482743295,0.0019695583131522022,2.0247128718042635,-0.544781060928106,2.5594958561412264,0.6840062618281672,0.963146848653472,-0.24056502566421048,-18.868991251726346,-4.661596358211308,-6.08593956055911
2.18,-0.32671030199505274,0.3784975278258782,-0.3278364243470641,0.37685063742766334,0.001995093866321064,2.038372392520307,-0.5255503422756775,2.5546174448473433,0.6819340702539529,0.9599505322536287,-0.24730292157002282,-19.786441800379407,-5.146864288660961,-5.851053006319156
2.2,-0.3345653031794291,0.3715724127386971,-0.33566813417523533,0.36987994173821337,0.0020200728434364443,2.0519905696392176,-0.5063856963128515,2.5496047543331817,0.6798735463437963,0.9565368731487769,-0.25399175971413934,-20.69566869825029,-5.628203294503957,-5.613247062780211
2.22,-0.34227355296434436,0.3644843137107057,-0.34335115443575737,0.362747102385825,0.002044291593311778,2.0655677810137534,-0.4872917038301119,2.5444588991069335,0.6778393063898803,0.9528823637086079,-0.2606179489491044,-21.595988878862087,-6.105041514717532,-5.372856830176742
2.24,-0.34983167025668277,0.3572363398164016,-0.35088206549111256,0.3554554994554452,0.0020675402147780023,2.0791047040607253,-0.46827341440141074,2.539181278332157,0.6758466681418126,0.948963689593701,-0.2671666246098287,-22.48673309258901,-6.576810244670847,-5.130210640279611
2.2600000000000002,-0.35723633981640174,0.34983167025668266,-0.3582575351720443,0.3480085944266021,0.00208960413394735,2.092602328070885,-0.4493363383477669,2.5337736002699276,0.67391147513744,0.9447581540634467,-0.2736217579569788,-23.367247258606824,-7.042945075903794,-4.88562915676973
2.2800000000000002,-0.36448431371070583,0.34227355296434425,-0.36547432138626706,0.3404099259501728,0.0021102655865127135,2.1060619627855055,-0.4304864298081885,2.5282379041184897,0.6720498991731229,0.9402441421778862,-0.27996630724886645,-24.23689385237278,-7.50288715680445,-4.63942445279807
2.3000000000000003,-0.3715724127386972,0.334565303179429,-0.3725292742775001,0.33266310543783206,0.002129305110259404,2.119485242816412,-0.41173006018365416,2.5225765784092715,0.6702782223935925,0.9354016181638789,-0.28618241113491466,-25.095053392142976,-7.956084602381143,-4.391899074427817
2.32,-0.37849752782587814,0.3267103019950528,-0.3794193379866444,0.32477181241923714,0.002146503158170957,2.1328741275219834,-0.39307398137855526,2.5167923751156733,0.6686126011367003,0.9302126467540212,-0.29225162387845155,-25.9411260783436,-8.40199407678459,-4.143345101755283
2.34,-0.3852566213878944,0.3187119948743451,-0.3861415520533629,0.3167397896125689,0.0021616419401150485,2.146230896002653,-0.3745252784745704,2.5108884186549023,0.6670688145303669,0.9246619265980031,-0.2981551904696612,-26.77453362565673,-8.840082565464238,-3.8940432224879995
2.36,-0.3918467286629197,0.31057389013915543,-0.3926930524796696,0.30857083765360893,0.002174507590847216,2.159558136949455,-0.3560913117379702,2.504868209018499,0.6656620018758616,0.9187373210352631,-0.3038743579883435,-27.594721309715705,-9.269829344775765,-3.644261835493781
2.38,-0.39826495901209796,0.30229955743118764,-0.3990710724593529,0.3002688094378919,0.0021848927438480516,2.172858733171235,-0.337779648182983,2.4987356183588325,0.6644063940043724,0.9124303688062907,-0.3093907176611602,-28.40116022882292,-9.690728145548562,-3.3942562041406092
2.4,-0.40450849718747356,0.2938926261462368,-0.4052729427601586,0.2918376040497459,0.002192599564595325,2.186135840741706,-0.31959798328664685,2.4924948804902827,0.6633150449776276,0.9057367549188303,-0.31468657000699873,-29.193349756824684,-10.10228949377889,-3.1442676809552497
2.42,-0.41057460456685185,0.2853567838422161,-0.41129609173159415,0.2832811602807434,0.0021974432638474147,2.1993928628462247,-0.3015540538647228,2.4861505729367,0.662399571610611,0.8986567201599965,-0.3197453033926629,-29.970820137240832,-10.504043196638065,-2.89452302603888
2.44,-0.4164606203550496,0.2766957746216722,-0.4171380449017758,0.2746034497769275,0.0021992560725034097,2.212633418567196,-0.2836555435580658,2.4797075913700395,0.6616699092025715,0.8911953869520909,-0.32455177438001376,-30.73313514231447,-10.895540926015896,-2.645233841648567
2.46,-0.4221639627510074,0.2679133974894985,-0.4227964241234291,0.2658084698971845,0.0021978916161836475,2.2258613070211863,-0.2659099828228826,2.4731711165343793,0.661134092444695,0.8833629796643107,-0.32909267661053604,-31.479894695480105,-11.276358835716978,-2.3965961442239085
2.48,-0.4276821300802532,0.2590135046865653,-0.4282689462330235,0.2569002364114046,0.002193229582135195,2.2390804674423497,-0.24832464574009697,2.466546574027006,0.6607980706110026,0.8751749193338026,-0.333356883830609,-32.21073733377497,-11.646100133297281,-2.148790092863135
2.5,-0.43301270189221924,0.25000000000000017,-0.43355342119860235,0.2478827762132209,0.0021851805260891637,2.252294935985861,-0.2309064463286054,2.4598395876020827,0.6606655657393312,0.8666517761439783,-0.3373357521888895,-32.92534236998953,-12.004397514631046,-1.9019798898103928
2.52,-0.4381533400219317,0.2408768370508578,-0.4386477497510079,0.2387601202641228,0.0021736906255148103,2.265508800190227,-0.21366183733323765,2.453055926957766,0.660737981515824,0.8578190679571744,-0.34102336728447746,-33.623431604864805,-12.350915359981014,-1.6563138640095598
2.54,-0.44310178961560726,0.23164801755993103,-0.4435499205190358,0.22953629701945744,0.00215874615174313,2.278726152176653,-0.1965967146308474,2.4462014512469747,0.6610143689832413,0.8487068995576726,-0.34441672270776735,-34.304770439168266,-12.685351585921909,-1.4119247433807194
2.56,-0.44785588011970634,0.2223175895924639,-0.4482580067200145,0.22021532660819787,0.0021403774101056263,2.2919510417654947,-0.17971633043167773,2.439282049796629,0.6614914530514737,0.839349444731831,-0.34751581902217393,-34.9691682453041,-13.007439049062846,-1.168930115441868
2.58,-0.4524135262330097,0.21288964578253644,-0.45277016249112156,0.2108012160438661,0.0021186618875985745,2.305187430744155,-0.1630252183299182,2.4323035817117034,0.6621637212058998,0.8297842814554788,-0.35032367522883534,-35.61647787881431,-13.316946405913276,-0.9274330695708158
2.6,-0.4567727288213004,0.20336832153790022,-0.45708461898073716,0.20129795573100812,0.002093726354111605,2.3184391495204384,-0.14652713296908687,2.4252718161622453,0.663023572944574,0.8200515987252661,-0.3528462485973395,-36.24659424149422,-13.613678348757835,-0.6875230079182739
2.62,-0.4609315757942502,0.19375779322605158,-0.46119968035018427,0.19170951749888338,0.0020657476872597566,2.331709857336458,-0.13022500663813152,2.418192375190873,0.6640615255246675,0.8101933013476079,-0.3550922631136353,-36.85945184865054,-13.897475159770549,-0.44927660613425613
2.64,-0.4648882429441257,0.18406227634233907,-0.4651137198613008,0.18203985434170095,0.00203495223257056,2.345003007101248,-0.11412092451895207,2.4110706808273137,0.6652664687770449,0.8002520456691559,-0.3570729514094405,-37.455021401189676,-14.168211553913475,-0.21275889997211894
2.66,-0.4686409947459457,0.17428602366090767,-0.4688251762416158,0.1722929019747722,0.002001613568871563,2.3583218157299166,-0.09821611959326718,2.403911908153504,0.6666259592673581,0.7902702442369284,-0.35880171957559565,-38.033305415807945,-14.425794813918515,0.021975530233036666
2.68,-0.4721881851187405,0.1644333233692917,-0.4723325505241984,0.1624725822318791,0.001966048620516562,2.371669240662255,-0.08251098742436497,2.396720945732511,0.6681265421304253,0.7802890802710847,-0.3602937483969539,-38.59433302005752,-14.670162255823074,0.2548813080501
2.7,-0.47552825814757677,0.15450849718747375,-0.47563440355207415,0.15258280823590048,0.0019286121396245761,2.385047962986322,-0.06700512020258373,2.3895023645081643,0.6697540876269499,0.7703475733372732,-0.3615655479736366,-39.13815406969889,-14.901278098743662,0.4859209747588029
2.72,-0.4786597487660336,0.14451589847223584,-0.4787293543169703,0.14262749117838863,0.0018896896676905762,2.398460377327076,-0.05169735863141444,2.382260395916597,0.6714941289566501,0.7604817356274348,-0.3626344851598076,-39.66483278975439,-15.119129845305306,0.7150637009996438
2.74,-0.48158128339882905,0.13445991030763288,-0.48161607926963207,0.13261054845082892,0.0018496891711923687,2.4119085883922846,-0.036585859482795406,2.3749989195470746,0.6733321881356026,0.7507238539043752,-0.3635183045776752,-40.17444117471499,-15.323724306971485,0.942284027687587
2.7600000000000002,-0.48429158056431554,0.12434494358242741,-0.48429331269562625,0.12253591278742171,0.0018090316242558736,2.425394413813194,-0.02166817601036163,2.367721460271338,0.6752540777713939,0.7411019257277047,-0.3642346640617352,-40.66705240472549,-15.515083429322333,1.1675606653406683
2.7800000000000002,-0.48678945143658015,0.11417543505532787,-0.48675984819895757,0.11240754201237746,0.001768140877585893,2.4389193926899897,-0.006941347915565425,2.360431194352887,0.6772461682549514,0.7316392705020831,-0.36480070426025535,-41.14273454156075,-15.693240084514702,1.390875377720278
2.8000000000000003,-0.48907380036690284,0.10395584540887966,-0.48901454127916677,0.10222942893892861,0.0017274332019495105,2.4524847990637992,0.007598002758933441,2.353130963673985,0.6792956120955549,0.7223543267291129,-0.3652326698623926,-41.60154476009585,-15.858234000773514,1.6122119716146193
2.82,-0.4911436253643443,0.09369065729286251,-0.4910563129295469,0.09200561094605969,0.0016873069229229691,2.466091659396704,0.02195357356584406,2.3458232968995163,0.6813905196884659,0.7132606372175063,-0.36554559670273545,-42.04352434818193,-16.010107991598158,1.8315554099176188
2.84,-0.49299801853525244,0.08338437335805131,-0.4928841541285599,0.08174017876408773,0.0016481325692827278,2.479740773054232,0.03612928511669977,2.338510436150217,0.6835200835413199,0.7043670145369725,-0.36575307505449217,-42.468694671813275,-16.14890463092443,2.048891060071097
2.86,-0.4946361664814941,0.07304151428120596,-0.4944971310471474,0.07143728403169303,0.0016102439397359405,2.49343273475277,0.05012918952592726,2.331194367594975,0.6856746507150742,0.695677870275209,-0.3658670950317428,-42.87705425552858,-16.27466349593076,2.2642040846365594
2.88,-0.4960573506572389,0.06266661678215227,-0.49589439075470554,0.06110114524287791,0.0015739304527556837,2.507167957955381,0.0639573868833149,2.3238768542989154,0.6878457457907047,0.6871936841812022,-0.3658979754720368,-43.26857707314884,-16.38741906822082,2.4774789754507784
2.9,-0.49726094768413664,0.05226423163382687,-0.49707516717870315,0.05073605177916485,0.0015394310846523647,2.5209466982687396,0.07761795226311685,2.316559469681186,0.6900260489111092,0.6789115834494872,-0.36585437325069514,-43.64321208468182,-16.487199348847405,2.6886992277020774
2.92,-0.4982464296247522,0.041838921666157866,-0.4980387870590499,0.04034636581530365,0.0015069301254572376,2.53476907600374,0.09111487514074326,2.3092436300384067,0.692209335257578,0.6708259984883902,-0.36574336595201323,-44.000883995131005,-16.574025205351468,2.8978471455310277
2.94,-0.4990133642141358,0.03139525976465679,-0.49878467563926143,0.02993652199004848,0.001476554895473671,2.548635097203424,0.1044520123928536,2.3019306247664697,0.6943903836266693,0.6629293596531562,-0.3655705974150548,-44.341495153596014,-16.64791043200172,3.1049037666032095
2.96,-0.4995614150494292,0.020937826864599905,-0.4993123618520908,0.019511024840906444,0.0014483754727004393,2.5625446726037664,0.11763305534485916,2.2946216431506006,0.6965648625391575,0.655212799608491,-0.36534047305555817,-44.664928459703134,-16.708862469928647,3.309848889698351
2.98,-0.49989034173742275,0.010471209941678555,-0.49962148278651564,0.009074444106760782,0.0014224063881593115,2.5764976341645585,0.13066151064116524,2.287317796874176,0.6987292025375238,0.6476668280848183,-0.3650563901534706,-44.97105110178373,-16.756883703763133,3.512661186845288
3.0,-0.5,6.123233995736766e-17,-0.4997117872637974,-0.0013685919010933967,0.0013986101576379316,2.5904937489787567,0.14354069408403794,2.2800201377021936,0.7008804630456855,0.6402819495693394,-0.36472098753717913,-45.25971891943241,-16.791973227265427,3.713318379995613
3.02,-0.49989034173742275,-0.010471209941678212,-0.49958313840008867,-0.011813404576020148,0.001376902439145738,2.6045327305294936,0.15627373604716582,2.2727296701063375,0.7030162014367375,0.6330491996003701,-0.3643363992762108,-45.530781163477336,-16.814128953348504,3.9117974617324762
3.04,-0.4995614150494292,-0.020937826864599562,-0.4992355150884803,-0.022255274592689167,0.0013571585393000161,2.6186142474065037,0.1688635966430233,2.265447358897203,0.705134350866377,0.6259605814246451,-0.363904498042669,-45.78408541950748,-16.823349934462332,4.108074940008813
3.06,-0.4990133642141358,-0.03139525976465645,-0.49866901239093614,-0.03268945239067189,0.001339220941956053,2.632737929711735,0.18131308852414163,2.258174132199227,0.7072331120817987,0.6190093914124368,-0.3634271155952119,-46.019482466727176,-16.819638757628894,4.3021270883427345
3.08,-0.4982464296247522,-0.04183892166615752,-0.49788384088663845,-0.043111169150700235,0.0013229075005200392,2.6469033734732705,0.1936249050339841,2.2509108803318223,0.7093108629160325,0.6121904283812876,-0.36290623021771773,-46.236830861032246,-16.80300388412109,4.493930185118468
3.1,-0.4972609476841367,-0.05226423163382653,-0.49688032507448676,-0.053515647850255865,0.0013080199225237548,2.661110143445443,0.20580165139166168,2.2436584513363167,0.711366087633643,0.6055000884555712,-0.36234411372086356,-46.43600105826495,-16.773461816104906,4.683460728467124
3.12,-0.49605735065723894,-0.06266661678215192,-0.4956589009708626,-0.06389811400745199,0.0012943521810137876,2.6753577747012858,0.21784587668700248,2.236417644006542,0.7133973268056004,0.5989363529332594,-0.36174343359085087,-46.61687892848046,-16.731038990367935,4.8706956164317
3.14,-0.49463616648149417,-0.07304151428120563,-0.49422011307695946,-0.07425380576329452,0.001281698510949511,2.6896457734232833,0.22976010466286675,2.229189199339314,0.7154031470455844,0.5924986815565755,-0.36110730884944914,-46.77936855232537,-16.675773321176056,5.055612285521058
3.16,-0.4929980185352525,-0.08338437335805098,-0.49256461091139625,-0.0845779830089474,0.0012698606880795164,2.7039736172732844,0.24154686154950358,2.2219737913212776,0.7173821288052729,0.5861878273830158,-0.3604393209930692,-46.92339423369783,-16.607715338793888,5.238188804130186
3.18,-0.49114362536434436,-0.09369065729286216,-0.49069314531274966,-0.0948659353323267,0.0012586543397344605,2.7183407556771875,0.2532086995673128,2.2147720179159056,0.7193328695493696,0.5800055920073361,-0.35974348385115923,-47.048901706133776,-16.526928895699502,5.418403920441253
3.2,-0.48907380036690284,-0.10395584540887953,-0.48860656471316716,-0.10511298863269183,0.001247914098220122,2.7327466102999893,0.26474821510422747,2.2075843930165617,0.7212539990369559,0.5739545411603464,-0.35902417822578864,-47.155858551452845,-16.433491437489536,5.596237067186719
3.22,-0.48678945143658015,-0.11417543505532775,-0.4863058115692957,-0.1153145103282126,0.0012374974741487872,2.747190575917797,0.2761680609768389,2.200411339998508,0.7231442031273145,0.568037700754775,-0.35828605866397323,-47.244253885983625,-16.327493858527124,5.771668327922467
3.24,-0.4842915805643156,-0.12434494358242729,-0.4837919191119859,-0.12546591315537595,0.0012272873952016863,2.7616720218209414,0.287470952576813,2.1932531873455763,0.7250022524894243,0.5622582523802201,-0.35753394063207244,-47.31409740051441,-16.209039982379366,5.944678371167148
3.2600000000000002,-0.4815812833988291,-0.13445991030763277,-0.4810660085437837,-0.1355626576266179,0.0012171934216758597,2.7761902938115415,0.298659668065502,2.1861101666574516,0.7268270327926544,0.5566192452424227,-0.35677267670741497,-47.36541786377183,-16.078245723130795,6.1152483598904634
3.2800000000000002,-0.4786597487660337,-0.14451589847223573,-0.4781292867755981,-0.14560025327055137,0.0012071517104022458,2.7907447167940584,0.30973704309323896,2.1789824131722635,0.7286175733479991,0.551123338809251,-0.35600703021149555,-47.39826121506579,-15.935237995189352,6.283359844388873
3.3000000000000003,-0.4755282581475768,-0.15450849718747364,-0.47498304475378705,-0.15557425882520334,0.0011971238504114978,2.805334597901928,0.3207059607734216,2.1718699687766345,0.7303730717034861,0.5457725872005516,-0.3552415540470263,-47.4126883795929,-15.78015344596938,6.448994646620218
3.3200000000000003,-0.47218818511874056,-0.16443332336929156,-0.4716286563889156,-0.16548028158737232,0.0011870947350175434,2.819959230059536,0.33156933782765874,2.164772787329961,0.7320929123205923,0.5405682728787772,-0.35448048145512284,-47.4087729400779,-15.61313708790154,6.612134743648458
3.34,-0.46864099474594584,-0.17428602366090737,-0.4680675780599507,-0.17531397614000574,0.0011770696644898034,2.8346178958479396,0.3423301079341818,2.1576907420082874,0.7337766781184116,0.5355107936880552,-0.3537276340808365,-47.386598791698844,-15.43434090392679,6.772762157064055
3.36,-0.4648882429441258,-0.18406227634233874,-0.4643013486348017,-0.1850710426847711,0.0011670708907094412,2.8493098715250005,0.3529912033588754,2.150623634280192,0.7354241543215165,0.5305996039526905,-0.3529863512327065,-47.346257894626,-15.243922494543225,6.930858854178624
3.38,-0.46093157579425037,-0.19375779322605127,-0.4603315899214312,-0.19474722519978688,0.0011571338203651825,2.864034431045422,0.3635555359318712,2.143571204065052,0.7370353246457633,0.5258332073504527,-0.35225944265182935,-47.287848221291675,-15.042043825318483,7.086406665551476
3.4,-0.45677272882130054,-0.2033683215378999,-0.45616000744437246,-0.20433830962456115,0.0011473030872482548,2.878790849932164,0.3740259783608339,2.1365331405932753,0.738610360372527,0.5212091967495066,-0.35154916556656896,-47.21147197509997,-14.82887012240339,7.239387222064206
3.42,-0.45241352623300984,-0.21288964578253614,-0.45178839142989036,-0.21384012224766452,0.0011376286884718545,2.8935784088660492,0.38440534675517507,2.129509093487009,0.7401496032743883,0.5167243342266749,-0.3508572253864421,-47.11723413512277,-14.604568950852844,7.389781913419901
3.44,-0.4478558801197065,-0.22231758959246356,-0.44721861787922745,-0.22324852843995352,0.0011281623557388874,2.9083963968827855,0.39469638508505467,2.1224986836055297,0.7416535436523055,0.5123746631122336,-0.35018479815172754,-47.005241358775166,-14.36930949734402,7.537571868658004
3.46,-0.4431017896156074,-0.23164801755993072,-0.442452649612921,-0.23255943183978528,0.0011189543031824385,2.923244114093817,0.40490175212726465,2.115501513247561,0.7431227949228865,0.5081556431370235,-0.34953257185460523,-46.875601252777535,-14.123262065968367,7.682737958117075
3.48,-0.43815334002193185,-0.2408768370508575,-0.4374925371791293,-0.24176877405899996,0.0011100504599116609,2.938120873877014,0.4150240112687277,2.108517175368297,0.7445580662595416,0.5040622995605123,-0.34890080301356713,-46.728422002941656,-13.86659778384362,7.825260815286097
3.5,-0.4330127018922194,-0.24999999999999986,-0.43234041953417346,-0.2508725349417581,0.0011014902602968716,2.9530260045130747,0.4250656233582921,2.1015452615462435,0.7459601347544728,0.5000893774746477,-0.3482893844273572,-46.5638123362998,-13.599488502890917,7.965120876193828
3.52,-0.4276821300802534,-0.259013504686565,-0.42699852442256647,-0.25986673337448224,0.0010933050302210276,2.967958850271763,0.4350289426282491,2.0945853685187634,0.7473298184457984,0.49623149322737237,-0.34769791985201687,-46.38188177542285,-13.322106875653562,8.102298433405945
3.54,-0.4221639627510076,-0.2679133974894982,-0.42146916840532356,-0.26874742861566536,0.001085516974630127,2.9829187719771757,0.4449162155562723,2.0876371031900076,0.7486679513648362,0.4924832759970003,-0.34712580141416505,-46.182741134763006,-13.034626576715326,8.236773701346912
3.56,-0.4164606203550498,-0.27669577462167194,-0.4157547565077,-0.27751072209028327,0.001078138742273699,2.997905147102062,0.4547295824120359,2.080700086096128,0.7499753615233097,0.488839493872898,-0.3465722858627552,-45.966503202629895,-12.7372226372208,8.368526889514104
3.58,-0.4105746045668521,-0.2853567838422158,-0.4098577814794131,-0.28615275957557956,0.0010711735185251403,3.0129173694570093,0.46447108113432767,2.0737739533861705,0.751252852499539,0.4852951602575653,-0.3460365662292561,-45.733283549820705,-12.430071858130372,8.497538280201386
3.6,-0.4045084971874738,-0.2938926261462365,-0.40378082268058924,-0.2946697336933202,0.0010646155774288336,3.027954848550841,0.47414265311577297,2.0668583574398536,0.7525011890157908,0.4818456179040682,-0.3455178360658194,-45.48320140669856,-12.11335326801583,8.623788307562359
3.62,-0.3982649590120982,-0.30229955743118736,-0.39752654462413534,-0.30305788661804156,0.0010584512100165516,3.043017008703808,0.4837461504332236,2.0599529662933143,0.7537210866427777,0.47848659935515403,-0.3450153441145915,-45.21638055417304,-11.787248593144126,8.74725763518264
3.64,-0.3918467286629199,-0.31057389013915515,-0.3910976952192989,-0.31131351291085657,0.0010526599375306745,3.058103287995516,0.49328334405077656,2.0530574620796465,0.7549132055357413,0.4752142638840304,-0.3445284379813654,-44.93295018006212,-11.451942710985861,8.867927229780706
3.66,-0.3852566213878946,-0.3187119948743448,-0.38449710377129365,-0.31943296239328134,0.0010472159153148489,3.0732131371255917,0.5027559325362975,2.0461715387124375,0.7560781479100324,0.4720252121955917,-0.34405659609997286,-44.63304566007583,-11.107624062764621,8.985778429152635
3.68,-0.37849752782587837,-0.3267103019950525,-0.37772767879796304,-0.32741264298434236,0.001042089435230395,3.0883460182576328,0.5121655508673226,2.0392948990479915,0.7572164588095373,0.46891648109152173,-0.3435994479420134,-44.31680923153707,-10.754485005843845,9.100793003003616
3.7,-0.3715724127386973,-0.33456530317942895,-0.3707924057265096,-0.33524902343594043,0.0010372484409369104,3.103501403906881,0.521513778953763,2.0324272517567583,0.7583286296119952,0.46588552101093206,-0.3431567830190446,-43.984390537350635,-10.3927220922721,9.212953205833825
3.72,-0.3644843137107059,-0.3422735529643442,-0.3636943445317211,-0.3429386359149774,0.0010326599803269561,3.1186787759202206,0.5308021495681164,2.0255683081184475,0.7594151036514297,0.46293015982341795,-0.3427285497182164,-43.63594702705943,-10.022536265328538,9.322241821527498
3.74,-0.35723633981640185,-0.34983167025668255,-0.35643662737229265,-0.3504780783951078,0.0010282915319526468,3.133877624584455,0.5400321554441097,2.0187177789304696,0.7604762833169673,0.46004855648148024,-0.3423148453930535,-43.27164421063596,-9.644132971137546,9.42864219972935
3.7600000000000002,-0.3498316702566828,-0.35723633981640157,-0.3490224562744596,-0.35786401683524105,0.0010241121564578662,3.149097447886081,0.5492052553773055,2.0118753716881126,0.7615125380044917,0.4572391481532306,-0.3419158993918551,-42.891655768530136,-9.257722187109103,9.532138284456213
3.7800000000000002,-0.3422735529643445,-0.36448431371070567,-0.3414551009028738,-0.3650931871352756,0.0010200934388932953,3.16433775093378,0.5583228792321768,2.0050407881596013,0.7625242123465146,0.4545005942829715,-0.3415320508479606,-42.49616352814825,-8.863518372934308,9.632714635674816
3.8000000000000003,-0.33456530317942923,-0.371572412738697,-0.3337378964482237,-0.3721623968714308,0.001016210202527934,3.179598045544036,0.5673864318260625,1.9982137224422287,0.7635116342190279,0.45183172070098926,-0.3411637230860918,-42.08535732218786,-8.461740353005368,9.730356444779536
3.8200000000000003,-0.3267103019950528,-0.37849752782587814,-0.3258742416502524,-0.3790685268234254,0.0010124409885754852,3.194877849981155,0.5763972957185959,1.9913938595492047,0.7644751221142301,0.44923146646314793,-0.34081139642950503,-41.65943474799883,-8.05261114137466,9.825049545029488
3.84,-0.3187119948743451,-0.3852566213878944,-0.31786759696419536,-0.3858085323134584,0.0010087683085932796,3.2101766888357095,0.5853568329837379,1.9845808745425735,0.7654149915673489,0.4466988355844005,-0.34047558103994663,-41.21860084940466,-7.6363577217308105,9.916780418052971
3.86,-0.31057389013915526,-0.3918467286629198,-0.3097214828688255,-0.392379444382301,0.001005178686695475,3.225494093020226,0.5942663860793191,1.9777744321969997,0.7663315604273043,0.4442328552759796,-0.3401567912052191,-40.763067743261345,-7.213210795384899,10.005536197513468
3.88,-0.3022995574311877,-0.39826495901209796,-0.3014394783057252,-0.39877837083090384,0.0010016625168917295,3.2408295998577135,0.6031272779555912,1.9709741871534832,0.7672251528586344,0.44183254173792647,-0.33985552222709653,-40.2930542126272,-6.783404510030686,10.091304670963785
3.9,-0.2938926261462366,-0.40450849718747367,-0.2930252192324128,-0.4050024971569123,0.0009982137666625776,3.2561827532372756,0.6119408115599341,1.9641797845018538,0.7680961020509663,0.4394968740266402,-0.3395722307751183,-39.80878528692624,-6.3471761811678045,10.17407428080371
3.92,-0.2853567838422161,-0.41057460456685185,-0.2844823972667602,-0.4110490874146353,0.000994829561371249,3.2715531038113728,0.6207082689003448,1.957390860716533,0.7689447516886824,0.43722477603519205,-0.3393073192777854,-39.310491827180876,-5.904766016713836,10.253834125120084
3.94,-0.2766957746216721,-0.4164606203550497,-0.27581475839680303,-0.41691548502468667,0.0009915096853619246,3.286940209210995,0.6294309098268224,1.9506070448614852,0.7697714562949176,0.43501510621019984,-0.33906112463822985,-38.79841013144965,-5.456416853595396,10.330573959032263
3.96,-0.26791339748949855,-0.4221639627510074,-0.2670261017285483,-0.42259911355602764,0.0009882560348968457,3.3023436342577477,0.6381099706787605,1.943827959977206,0.770576580609427,0.43286665429489185,-0.33883391130018176,-38.27278157232777,-5.002373913175887,10.404284197002573
3.98,-0.25901350468656514,-0.4276821300802533,-0.2581202782445574,-0.4280974774989472,0.0009850720556982108,3.317762951155402,0.646746662929622,1.9370532245644085,0.7713604981891446,0.4307781441392028,-0.33862586846262144,-37.73385227492637,-4.542884580350407,10.47495591641344
4.0,-0.2500000000000002,-0.4330127018922192,-0.24910118954775107,-0.43340816304289487,0.0009819621941633307,3.333197739647369,0.6553421719392165,1.9302824540850456,0.7721235894342601,0.4287482414549426,-0.3384371110552211,-37.181872840374275,-4.078198209156751,10.542580862566869
4.0200000000000005,-0.24087683705085763,-0.4381533400219318,-0.23997278656773596,-0.4385288388684228,0.0009789313866398462,3.3486475871306403,0.6638976559005241,1.9235152624105358,0.7728662392429987,0.4267755653129492,-0.33826768394584616,-36.617098116729196,-3.6085659559068795,10.607151455126967
4.04,-0.23164801755993106,-0.44310178961560726,-0.230739068210699,-0.44345725695806193,0.0009759846059345196,3.364112088720734,0.6724142450437579,1.9167512631586716,0.773588834487135,0.4248587021717516,-0.33811756875698107,-36.039787016401746,-3.1342406392198043,10.66866079591995
4.0600000000000005,-0.2223175895924637,-0.44785588011970645,-0.221404079938248,-0.4481912534269587,0.0009731264787079733,3.379590847265807,0.6808930411366111,1.9099900708736992,0.7742917614800797,0.42299622128308145,-0.3379866926187288,-35.45020237684098,-2.6554766249740727,10.727102677916744
4.08,-0.21288964578253647,-0.4524135262330097,-0.21197191226518058,-0.45272874937070523,0.0009703609820149574,3.395083473311286,0.6893351172975334,1.9032313020176659,0.7749754035827148,0.42118669042621965,-0.3378749381783272,-34.848610859409426,-2.1725297331557663,10.782471595158544
4.1,-0.20336832153790044,-0.45677272882130027,-0.20244669917073166,-0.4570677517251184,0.0009676912221587277,3.410589585018968,0.6977415181193162,1.8964745757544834,0.7756401390616117,0.41942869106737996,-0.33778215421446656,-34.23528288006327,-1.6856571628295918,10.834762753351555
4.12,-0.1937577932260516,-0.4609315757942502,-0.19283261642217558,-0.4612063541307811,0.0009651192945211138,3.4261088080465285,0.7061132600838416,1.8897195145206733,0.7762863392821537,0.41772083220903444,-0.3377081662628397,-33.61049256468212,-1.1951174310451314,10.88397208082877
4.14,-0.1840622763423393,-0.46488824294412556,-0.18313387981351503,-0.465142737793955,0.0009626462191909528,3.4416407753946845,0.7144513322359458,1.8829657443878398,0.7769143672875316,0.4160617623746989,-0.3376527867397874,-32.97451772159203,-0.7011703213340869,10.930096239587021
4.16,-0.17428602366090773,-0.4686409947459457,-0.1733547433252326,-0.468875172334949,0.000960271944194239,3.457185127229993,0.7227566970750843,1.8762128952312536,0.777524576785239,0.414450179356191,-0.33761582414671343,-32.32763982395729,-0.20407683756540795,10.973132636114102
4.18,-0.16443332336929192,-0.47218818511874044,-0.16349949721361556,-0.4724020166151093,0.0009579954059726082,3.472741510691443,0.7310302916177657,1.8694606007262409,0.7781173115369113,0.4128848375230227,-0.3375970910416142,-31.670143995222663,0.29590084076096346,11.013079431755804
4.2,-0.15450849718747378,-0.47552825814757677,-0.1535724660399725,-0.4757217195341672,0.0009558146353734492,3.4883095796886683,0.739273028581316,1.8627084981992899,0.778692905125981,0.4113645526499108,-0.33759641056934653,-31.002318991544424,0.798499405234825,11.049935552403694
4.22,-0.1445158984722361,-0.47865974876603357,-0.14357800665107667,-0.4788328207906234,0.0009537268969119748,3.5038889946989618,0.7474857976400394,1.8559562283639355,0.779251681061167,0.4098882043527628,-0.3376136214433357,-30.324457176142673,1.3034544701309299,11.083700697329212
4.24,-0.1344599103076329,-0.48158128339882905,-0.13352050612255684,-0.481733951599045,0.000951728849145388,3.5194794225692663,0.7556694667077737,1.8492034349726896,0.7797939531624065,0.40845473633238205,-0.3376485813637351,-29.636854481577146,1.8105006311054925,11.114375347033283
4.26,-0.12434494358242765,-0.4842915805643155,-0.1234043796766493,-0.48442383535949424,0.0009498167147933294,3.5350805363282185,0.7638248832056942,1.842449764415753,0.7803200261692746,0.40706315470677246,-0.3377011689369623,-28.939810357104147,2.319371532541002,11.141960770023191
4.28,-0.1141754350553279,-0.48678945143658015,-0.11323406858493978,-0.4869012882756715,0.0009479864504036543,3.550692015012058,0.7719528752804243,1.8356948652952825,0.7808301965098003,0.40571252476750175,-0.3377712842268314,-28.233627699369734,2.829799944449328,11.166459028469683
4.3,-0.1039558454088799,-0.4890738003669028,-0.10301403806551446,-0.48916521991967715,0.0009462339069418962,3.5663135435070217,0.7800542529445427,1.828938388000851,0.781324753169273,0.40440196652422156,-0.3378588481167348,-27.51861276574917,3.3415178492325186,11.187872982733476
4.32,-0.09369065729286231,-0.49114362536434436,-0.09274877518246305,-0.4912146337424829,0.0009445549743959006,3.581944812409629,0.7881298091189597,1.822179984307795,0.7818039786033717,0.403130649407114,-0.3379638006954539,-26.795075070540527,3.854256538090968,11.206206294783529
4.34,-0.08338437335805134,-0.49299801853525244,-0.08244278675399608,-0.49304862753022205,0.0009429457053871916,3.59758551790527,0.7961803205639129,1.8154193070156979,0.7822681496470136,0.4018977864827083,-0.33808609889671526,-26.06332726501699,4.3677467164121575,11.221463430550445
4.36,-0.07304151428120578,-0.49463616648149417,-0.07210059727375462,-0.4946663938072192,0.0009414024145557215,3.6132353616645823,0.8042065486921594,1.8086560096395876,0.7827175383788637,0.4007026285082597,-0.33822571362587345,-25.323685002927345,4.881718617153432,11.23364966128248
4.38,-0.0626666167821523,-0.4960573506572389,-0.06172674684822055,-0.4960672201872637,0.0009399217522388645,3.6288940507564122,0.8122092402640475,1.801889746161847,0.7831524129107809,0.3995444581078249,-0.33838262659817725,-24.576466793482602,5.395902120981011,11.24277106397816
4.4,-0.05226423163382668,-0.4972609476841367,-0.05132578915160729,-0.49725048967501756,0.0009385007524710999,3.644561297575623,0.8201891279693193,1.795120170848506,0.7835730380809008,0.3984225843032418,-0.33855682709404755,-23.821993844124684,5.910026881798075,11.248834520981992
4.42,-0.041838921666157894,-0.49824642962475213,-0.040902289398272285,-0.49821568091961793,0.0009371368566607385,3.6602368197836967,0.8281469309046254,1.7883469381297383,0.7839796760380562,0.39733633757931797,-0.3387483088101672,-23.06058989549475,6.423822456236065,11.25184771882925
4.44,-0.031395259764656604,-0.4990133642141358,-0.03046082233159697,-0.4989623684225371,0.0009358279153048662,3.6759203402598923,0.8360833549587742,1.781569702541127,0.784372586713336,0.39628506560808696,-0.33895706695347566,-22.292581050978487,6.9370184357203,11.251819146422388
4.46,-0.020937826864599936,-0.4995614150494292,-0.020005970227437497,-0.49949022270163035,0.0009345721708936133,3.691611587060728,0.8439990931197063,1.774788118719648,0.7847520281815077,0.3952681297048616,-0.3391830956907639,-21.518295603083562,7.449344579803357,11.248758092618333
4.48,-0.010471209941678364,-0.49989034173742275,-0.009542320909686208,-0.49979901041305624,0.0009333682256033062,3.7073102933856474,0.851894825718159,1.7680018414464305,0.785118256920573,0.3942849020413463,-0.33942638603150554,-20.738063858652968,7.960530949616342,11.242674643297681
4.5,-9.184850993605148e-17,-0.5,0.0009255342248239984,-0.49988859443243727,0.0009322149976291429,3.723016197546966,0.8597712206230622,1.7612105257271327,0.7854715279818085,0.3933347635999433,-0.3396869241879808,-19.952217964646472,8.470308040447733,11.233579677974031
4.5200000000000005,0.010471209941678624,-0.49989034173742275,0.011393002174921896,-0.49975893389628895,0.0009311116699832862,3.738729042942443,0.8676289334030447,1.7544138269002107,0.7858120950853078,0.3924171028196921,-0.3399646904258318,-19.161091735868077,8.978406912675013,11.221484865996604
4.54,0.020937826864599753,-0.4995614150494292,0.021855490299899583,-0.4994100842043887,0.0009300576353898468,3.7544485780291503,0.8754686074671684,1.747611400763362,0.786140210657354,0.3915313148585831,-0.340259658391422,-18.36502048568896,9.484559320460846,11.20640266238337
4.5600000000000005,0.03139525976465686,-0.4990133642141358,0.03230840828292886,-0.49884219698342147,0.0009290524405504511,3.7701745562976505,0.8832908741963076,1.7408029037089379,0.7864561258261006,0.3906768013792713,-0.34057179488029343,-17.56434086045605,9.988497837837151,11.188346303315004
4.58,0.04183892166615771,-0.4982464296247522,0.042747170095046694,-0.4980555200119532,0.000928095732582778,3.7859067362457974,0.8910963530746252,1.7339879928600024,0.7867600903912135,0.38985297075509245,-0.3409010599940913,-16.759390677969986,10.489955981974386,11.16732980130985
4.6000000000000005,0.05226423163382694,-0.49726094768413664,0.053167195961178915,-0.49705039710654153,0.0009271872098966025,3.8016448813517916,0.8988856518284857,1.7271663261998964,0.7870523527815385,0.3890592385900745,-0.34124740762174205,-15.950508770117201,10.988668333602273,11.143367940089751
4.62,0.06266661678215212,-0.49605735065723894,0.06356391432908287,-0.4958272679686201,0.0009263265791987351,3.8173887600463634,0.9066593665780401,1.7203375626895214,0.7873331600127564,0.388295028449341,-0.34161078617399204,-15.138034829509941,11.484370654681907,11.116476269145618
4.64,0.0730415142812056,-0.49463616648149417,0.07393276384154643,-0.49438666799167574,0.0009255135197442495,3.833138145684198,0.9144180820047174,1.713501362368008,0.7876027576545637,0.3875597727037984,-0.3419911394985117,-14.322309259790291,11.976800003530686,11.086671097995943
4.66,0.08338437335805116,-0.49299801853525244,0.08426919531162427,-0.4927292280281898,0.0009247476554238648,3.8488928165148524,0.9221623715360333,1.7066573864338699,0.7878613898143865,0.3868529134041511,-0.34238840790476777,-13.503673029114863,12.465694847687585,11.053969490139874
4.68,0.0936906572928617,-0.49114362536434447,0.094568673700203,-0.49085567411582165,0.0009240285347792928,3.8646525556535556,0.9298927975475663,1.699805297305112,0.7881092991421631,0.38617390311286226,-0.3428025292331478,-12.68246752625108,12.950795174841565,11.018389256692672
4.7,0.10395584540887928,-0.4890738003669029,0.10482668009476195,-0.488766827162357,0.0009233556186245708,3.8804171510523338,0.9376099115806721,1.692944758658004,0.78834672685844,0.3855222056376868,-0.34323343991070177,-11.859034418665015,13.431842602178602,10.979948949698061
4.72,0.11417543505532729,-0.48678945143658026,0.11503871368785465,-0.4864636025890371,0.0009227282746418445,3.8961863954719287,0.9453142545735312,1.6860754354452776,0.7885739128060394,0.38489729662564326,-0.3436810759453961,-11.033715511994398,13.908580484485563,10.938667855106392
4.74,0.12434494358242704,-0.48429158056431565,0.12520029375357972,-0.48394700993199313,0.0009221457780362374,3.911960086454984,0.9530063571024492,1.6791969938953801,0.7887910955239219,0.38429866399117496,-0.3441453738213019,-10.206852610317737,14.380754021340179,10.894565985411022
4.76,0.1344599103076323,-0.4815812833988292,0.1353069616201317,-0.4812181524016446,0.0009216073172036148,3.927738026300898,0.9606867396299493,1.6723091014950415,0.7889985123406205,0.3837258081658552,-0.34462627126793177,-9.378787376710626,14.848110363666233,10.847664071936396
4.78,0.14451589847223548,-0.47865974876603373,0.14535428263644964,-0.4782782264000432,0.0009211120032635048,3.943520022042722,0.9683559127560609,1.6654114269578597,0.7891963994837748,0.3831782421690122,-0.34512370788747476,-8.549861193646839,15.310398719893403,10.797983556771639
4.8,0.1545084971874732,-0.47552825814757693,0.15533784813095397,-0.47512852099628244,0.0009206588823106414,3.95930588542637,0.976014377469302,1.658503640181823,0.7893849922018167,0.38265549150858175,-0.34563762563330647,-7.720415022912123,15.767370461896757,10.745546584347032
4.82,0.16443332336929134,-0.4721881851187406,0.1652532773604221,-0.47177041736020386,0.0009202469492718252,3.9750954328923536,0.9836626253941197,1.6515854121987361,0.7895645248937144,0.3821570939293281,-0.3461679691417556,-6.890789264782622,16.2187792308447,10.69037599265385
4.84,0.17428602366090712,-0.46864099474594595,0.17509621944715553,-0.4682053881547344,0.000919875162378916,3.9908884855601556,0.9913011390319562,1.644656415118411,0.789735231242827,0.38168259903107954,-0.34671468592612303,-6.061323616339716,16.664381043011705,10.632495304108014
4.86,0.1840622763423387,-0.4648882429441258,0.18486235530272271,-0.46443499688727197,0.0009195424573681647,4.006684869215293,0.9989303919935956,1.6377163220702347,0.7898973443512787,0.38123156778312456,-0.34727772644755944,-5.2323569288672935,17.103934395574033,10.57192871606256
4.88,0.19375779322605105,-0.4609315757942504,0.19454739953673672,-0.4604608972205982,0.0009192477607097777,4.022484414299051,1.0065508492209922,1.6307648071443972,0.7900510968717952,0.38080357196235176,-0.34785704408130846,-4.404227064381712,17.537200372346827,10.50870109097643
4.9,0.20336832153789988,-0.45677272882130054,0.20414710234929212,-0.4562848322438382,0.0009189900013015489,4.03828695590079,1.0141629671973307,1.6238015453346686,0.7901967211345593,0.3803981935425698,-0.34845259499921927,-3.57727075140175,17.96394274938793,10.442837946245907
4.92,0.2128896457825359,-0.45241352623300995,0.2136572514058756,-0.4519086337040089,0.0009187681202696273,4.054092333752749,1.0217671941445994,1.6168262124841795,0.7903344492673224,0.38001502406081267,-0.3490643379903965,-2.751823440136767,18.38392810035857,10.374365443712398
4.94,0.22231758959246353,-0.4478558801197065,0.22307367369372422,-0.4473342211987022,0.0009185810786438815,4.069900392227159,1.0293639702084596,1.6098384852352245,0.7904645133076644,0.37965366398374634,-0.349692234241548,-1.928219157309368,18.79692590150437,10.303310378853896
4.96,0.23164801755993047,-0.44310178961560753,0.23239223735875594,-0.4425636013304486,0.0009184278628428848,4.085710980335513,1.0369537276306102,1.6028380409836938,0.7905871453069192,0.3793137220939447,-0.3503362470972763,-1.1067903608568546,19.202708636113794,10.229700169677695
4.98,0.24087683705085747,-0.4381533400219319,0.2416088535223459,-0.43759886682327426,0.000918307488023493,4.101523951729851,1.0445368909092143,1.5958245578383425,0.790702577425828,0.37899481491183773,-0.3509963418184282,-0.28786779477684493,19.60105189829161,10.153562845323814
5.0,0.24999999999999967,-0.4330127018922195,0.25071947807731254,-0.43244219560196506,0.0009182189994515108,4.117339164705856,1.0521138769482226,1.5887977145847827,0.7908110420224339,0.3786965661651429,-0.35167248535386236,0.5282196556177801,19.99173449589291,10.074927034395877
5.0200000000000005,0.259013504686565,-0.4276821300802534,0.25972011346257096,-0.42709584983449855,0.0009181614721229822,4.133156482207657,1.05968509519663,1.581757190653802,0.7909127717330786,0.3784186063135982,-0.35236464613797697,1.3411451077815186,20.37453855246856,9.993821953033597
5.04,0.267913397489498,-0.42216396275100776,0.2686068104159711,-0.4215621749381017,0.0009181340089345667,4.148975771834174,1.0672509477788188,1.574702666093389,0.7910079995475979,0.37816057213310217,-0.3530727939231586,2.1505838251043476,20.74924960807136,9.910277392738974
5.0600000000000005,0.27669577462167194,-0.4164606203550498,0.277375669704865,-0.4158435985493585,0.0009181357377036841,4.164796905846936,1.0748118296171856,1.5676338215437127,0.7910969588799516,0.37792210636001855,-0.3537968996530946,2.9562133589569486,21.11565671880535,9.82432370797478
5.08,0.2853567838422156,-0.4105746045668522,0.28602284383396825,-0.4099426294587748,0.0009181658073806717,4.180619761179264,1.0823681285482445,1.5605503382141976,0.7911798836355614,0.3777028573936316,-0.35453693538004466,3.7577136894071375,21.473552554991876,9.735991803543907
5.1000000000000005,0.29389262614623646,-0.4045084971874738,0.2945445387300717,-0.4038618565102095,0.0009182233837446821,4.196444219446781,1.0899202254333258,1.5534518978618062,0.7912570082765982,0.37750247905251016,-0.3552928742264856,4.554767364454957,21.822733497868267,9.64531312176786
5.12,0.3022995574311872,-0.39826495901209835,0.302937015403152,-0.3976039474655525,0.000918307644903607,4.21227016695922,1.0974684942648947,1.5463381827696585,0.7913285678863506,0.3773206303788295,-0.35606469038933203,5.347059637637475,22.16299973472794,9.55231962947512
5.14,0.31057389013915476,-0.3918467286629202,0.3111965915833818,-0.3911716478350716,0.0009184177768157721,4.228097494733515,1.1050133022693762,1.5392088757251712,0.7913947982336748,0.3771569754836869,-0.3568523591831484,6.134278603903649,22.494155352443382,9.457043804811471
5.16,0.31871199487434465,-0.3852566213878948,0.31931964333353524,-0.38456777967381756,0.0009185529690821131,4.24392609850819,1.1125550100072368,1.53206365999698,0.7914559358383343,0.37701118342580164,-0.3576558571174615,6.916115333670572,22.816008429319236,9.359518623885267
5.18,0.32671030199505235,-0.37849752782587853,0.32730260663621813,-0.37779524034453876,0.0009187124111456613,4.259755878759069,1.1200939714709097,1.5249022193100223,0.7915122180378665,0.3768829281160032,-0.3584751620024407,7.692264005003352,23.128371125240577,9.25977754725911
5.2,0.3345653031794289,-0.3715724127386973,0.33514197895533493,-0.370857001247543,0.0009188952890250442,4.275586740716337,1.1276305341810056,1.517724237818275,0.7915638830564152,0.3767718882401039,-0.35931025307677217,8.462422033875493,23.431059770087767,9.157854506297255
5.22,0.342273552964344,-0.36448431371070605,0.34283432077117615,-0.36375610651798906,0.0009191007826697384,4.291418594383012,1.1351650392811083,1.5105294000747624,0.7916111700758028,0.37667774719342734,-0.36016111115146887,9.226290202478845,23.723894950398787,9.05378388938082
5.24,0.34983167025668255,-0.35723633981640185,0.3503762570884509,-0.35649567169112506,0.0009193280639339284,4.307251354554852,1.1426978216313288,1.5033173909985802,0.7916543193089596,0.3766001930210715,-0.3610277187637318,9.983572785572827,24.006701594270236,8.947600527998956
5.26,0.3572363398164014,-0.349831670256683,0.357764478916607,-0.3490788823360055,0.0009195762951946709,4.323084940841749,1.150229209900679,1.4960878958387838,0.7916935720757086,0.37653891835895165,-0.3619100603353645,10.733977674856245,24.279309054486763,8.839339682728571
5.28,0.3644843137107056,-0.3422735529643445,0.36499574472173835,-0.3415089926582575,0.0009198446285594929,4.338919277690676,1.1577595266582414,1.4888406001351069,0.7917291708808037,0.3764936203717559,-0.3628081223311287,11.477216501358102,24.541551189870027,8.72903702910627
5.3,0.37157241273869684,-0.3345653031794294,0.3720668818493805,-0.33378932407250544,0.0009201322056111312,4.3547542944102045,1.165289088463044,1.4815751896755442,0.7917613594940651,0.3764640006848858,-0.36372189341307887,12.213004755837812,24.793266444844697,8.616728643407809
5.32,0.3784975278258781,-0.32671030199505285,0.37897478791749684,-0.3259232637450705,0.0009204381576114629,4.370589925196651,1.1728182059524972,1.47429135045091,0.7917903830324118,0.3764497653085713,-0.36465136458798075,12.94106190718874,25.03429792721191,8.50245098833882
5.34,0.38525662138789435,-0.31871199487434515,0.3857164321789577,-0.3179142631076167,0.0009207616060772425,4.386426109161872,1.180347183929224,1.46698876860654,0.7918164880436043,0.37645062455318695,-0.365596529345679,13.661111518830612,25.264493484122443,8.386240898648598
5.36,0.3918467286629198,-0.3105738901391553,0.39228885685283454,-0.3097658363424075,0.0009211016636375335,4.4022627903627605,1.187876321446111,1.4596671303913238,0.7918399225915106,0.37646629293559086,-0.36655738378725694,14.37288136307159,25.483705776234615,8.268135566672978
5.38,0.3982649590120979,-0.3022995574311877,0.39868917842384377,-0.3014815588398756,0.0009214574350943081,4.418099917832453,1.1954059118893976,1.4523261221042807,0.7918609363427566,0.37649648907693845,-0.3675339267425048,15.076103533414992,25.691792350042984,8.148172527817163
5.4,0.40450849718747367,-0.2938926261462367,0.40491458890929444,-0.2930650656292249,0.0009218280185848911,4.43393744561329,1.2029362430596433,1.444965430038891,0.7918797806546698,0.376540935592951,-0.3685261598769658,15.77051455478141,25.88861570835844,8.026389645985246
5.42,0.41057460456685185,-0.28535678384221613,0.4109623570929235,-0.28452004978278234,0.0009222125067962948,4.449775332791533,1.2104675972504395,1.4375847404253863,0.7918967086644818,0.37659935897791974,-0.36953408778934504,16.455855491605075,26.074043378913593,7.902825098963838
5.44,0.4164606203550497,-0.2766957746216721,0.41682982972502547,-0.27585026079484826,0.000922609988146783,4.465613543533905,1.218000251324748,1.4301837393711732,0.7919119753798199,0.3766714894839643,-0.3705577181005075,17.131872053765715,26.247947981074496,7.777517363772667
5.46,0.42216396275100737,-0.26791339748949855,0.4225144326883053,-0.2670595029357886,0.000923019547899771,4.481452047125923,1.2255344767887935,1.422762112799553,0.7919258377705749,0.3767570609971417,-0.3715970615355541,17.798314700303767,26.410207290622633,7.650505201984619
5.48,0.4276821300802533,-0.25901350468656514,0.4280136721289245,-0.2581516335821178,0.0009234402691665526,4.497290818012103,1.2330705398634567,1.4153195463868522,0.7919385548622974,0.3768558109119657,-0.3726521320006876,18.454938740868364,26.560704302580735,7.521827645027819
5.5,0.4330127018922192,-0.2500000000000002,0.43332513555221996,-0.24913056152333768,0.0009238712337781517,4.513129835838046,1.240608701553159,1.407855725498054,0.7919503878313133,0.3769674800058066,-0.37372294665658196,19.101504434843104,26.699327292050814,7.391523979477895
5.5200000000000005,0.4381533400219318,-0.24087683705085766,0.4384464928826147,-0.2400002452462895,0.0009243115230065408,4.5289690854944435,1.2481492177122426,1.4003703351209815,0.7919616001018045,0.37709181231440797,-0.3748095259899633,19.737777088091768,26.825969873027383,7.259633732345697
5.54,0.44310178961560726,-0.23164801755993106,0.443375497487254,-0.23076469119779036,0.0009247602181398805,4.544808557163041,1.2556923391088806,1.3928630597990557,0.7919724574451211,0.3772285550096294,-0.3759118938849882,20.363527147267604,26.940531055158193,7.126196656373436
5.5600000000000005,0.44785588011970645,-0.22231758959246373,0.44810998716293227,-0.22142795202631627,0.0009252164009126428,4.560648246364621,1.2632383114865728,1.3853335835626146,0.7919832280816244,0.37737745828018976,-0.37703007769582797,20.978530291628093,27.042915298415238,6.991252715343939
5.58,0.4524135262330097,-0.2128896457825365,0.4526478850858895,-0.2119941248035085,0.0009256791538121748,4.57648815400905,1.2707873756232928,1.377781589858757,0.7919941827853639,0.3775382752159496,-0.37816410832163355,21.58256752229542,27.133032565641898,6.854842069411482
5.6000000000000005,0.4567727288213005,-0.20336832153790008,0.4569872007240847,-0.20246734922627851,0.0009261475602691985,4.592328286447444,1.2783397673883556,1.370206761479657,0.7920055949919046,0.3777107616960526,-0.37931402028481687,22.175425248917566,27.210798372955644,6.717005060466553
5.62,0.4609315757942502,-0.19375779322605163,0.46112603071155545,-0.19285180580029532,0.0009266207047615249,4.608168655526523,1.2858957177970904,1.3626087804892713,0.792017740909614,0.37789467628098816,-0.3804798518133667,22.75689537366714,27.27613383796373,6.577782197536457
5.64,0.46488824294412556,-0.18406227634233935,0.4650625596845166,-0.18315171400563196,0.0009270976728536069,4.624009278645244,1.2934554530633944,1.3549873281483573,0.7920308996347114,0.37808978010841,-0.38166164492760507,23.326775372535284,27.328965725771745,6.437214142233119
5.66,0.4686409947459457,-0.17428602366090776,0.46879506107883717,-0.17337133044537306,0.0009275775511922538,4.639850178813751,1.3010191946502332,1.3473420848377098,0.7920453532703703,0.3782958367924031,-0.3828594455316183,23.88486837387578,27.369226492761875,6.2953416942570435
5.68,0.4721881851187404,-0.16443332336929195,0.47232189788857304,-0.16351494697797686,0.0009280594274836319,4.65569138471477,1.3085871593181624,1.3396727299795184,0.7920613870501558,0.3785126123257605,-0.38407330350938623,24.43098323415205,27.396854328109875,6.152205776960618
5.7,0.47552825814757677,-0.1545084971874738,0.4756415233852379,-0.15358688883419142,0.0009285423904713885,4.6715329307675075,1.3161595591719182,1.3319789419567603,0.7920792894660541,0.37873987498467265,-0.385303272825395,24.96493461085264,27.411793193026472,6.007847422982022
5.72,0.47865974876603357,-0.14451589847223612,0.4787524817975047,-0.14359151271934317,0.0009290255299383728,4.687374857194163,1.3237366017051233,1.3242603980305356,0.792099352401344,0.3789773952351986,-0.38654941162948186,25.486543032535867,27.413992857699814,5.862307759954414
5.74,0.48158128339882905,-0.13445991030763293,0.4816534089510587,-0.13353320490182063,0.0009295079367311336,4.70321721008914,1.331318489843132,1.316516774255268,0.792121871268552,0.37922494564087805,-0.38781178236548836,25.995634965977285,27.403408935927683,5.715627996298701
5.76,0.4842915805643155,-0.12434494358242767,0.4843430328683225,-0.12341637928857008,0.0009299887028426137,4.719060041491081,1.3389054219840346,1.3087477453916951,0.7921471451527142,0.3794823007707701,-0.3890904518832203,26.49204288038248,27.380002917418228,5.567849407105701
5.78,0.48678945143658015,-0.11417543505532793,0.4868201743278002,-0.11324547548844383,0.0009304669215421845,4.734903409457815,1.3464975920378224,1.300952984817596,0.7921754769601659,0.379749237107254,-0.39038549155322044,26.975605308643352,27.34374219774892,5.4190133201130575
5.8,0.4890738003669028,-0.10395584540887993,0.4890837473827948,-0.103024956864249,0.0009309416875670808,4.750747378144335,1.3540951894637008,1.2931321644361917,0.7922071735730786,0.3800255329529542,-0.39169697738382003,27.446166905613914,27.294600105975412,5.269161101785517
5.82,0.49114362536434436,-0.09369065729286234,0.49113275983927235,-0.09275930857433551,0.000931412097375091,4.7665920178839345,1.361698399305527,1.2852849545821927,0.7922425460099685,0.380310968336198,-0.39302499013994796,27.90357850338153,27.232555929876472,5.118334143501905
5.84,0.49299801853525244,-0.08338437335805136,0.49296631369266863,-0.08245303560458528,0.000931877249467181,4.78243740527261,1.369307402225339,1.2774110239254515,0.7922819095923912,0.3806053249144147,-0.39436961546318905,28.347697163512247,27.1575949388277,4.966573847855496
5.86,0.49463616648149417,-0.07304151428120581,0.4945836055234348,-0.07211066079167083,0.0009323362447591346,4.798283623256858,1.376922374534927,1.2695100393722067,0.7923255841180693,0.3809083858750404,-0.3957309439926844,28.778386226257087,27.06970840430085,4.813921615073239
5.88,0.4960573506572389,-0.06266661678215232,0.4959839268511559,-0.06173672283844067,0.0009327881870238932,4.814130761225007,1.3845434882253949,1.261581665963907,0.7923738940406909,0.3812199358334329,-0.39710907148643454,29.195515356695555,26.96889361797825,4.660418829558415
5.9,0.49726094768413664,-0.05226423163382671,0.4971666644470776,-0.05133577432230729,0.0009332321833842832,4.829978915102209,1.3921709109946483,1.2536255667735998,0.792427168656641,0.38153976072743034,-0.3985040989427122,29.598960587804775,26.8551539074808,4.506106846561679
5.92,0.49824642962475213,-0.04183892166615792,0.49813130060490646,-0.04091237969752087,0.0009336673448592077,4.845828187449241,1.3998048062727366,1.2456414027998999,0.7924857422989475,0.38186764770818604,-0.3999161327212333,29.988604360438366,26.728498649706378,4.351026978985919
5.94,0.4990133642141358,-0.03139525976465663,0.49887741336975816,-0.030471113292199814,0.0009340927869550042,4.86167868756526,1.407445333244972,1.2376288328585345,0.7925499545387247,0.38220338502694023,-0.4013452846638977,30.364335560201546,26.588943281774473,4.19522048432753
5.96,0.4995614150494292,-0.020937826864599964,0.499404676725154,-0.0200165573010056,0.0009345076303069712,4.877530531594656,1.4150926468727432,1.2295875134714813,0.7926201503944462,0.3825467619174808,-0.4027916722148561,30.726049551210295,26.43650930957888,4.038728551760747
5.98,0.49989034173742275,-0.010471209941678395,0.4997128607379839,-0.009553299774348378,0.0009349110013523432,4.893383842638185,1.422746897911929,1.221517098753709,0.7926966805493666,0.38289756847396106,-0.40425541853977137,31.073648206722883,26.271224313945982,3.8815922893671626
